nome,email,cpf,ip_adress
alexandre,alexandre@alexandre.com,04240578914,127.0.0.1
adfa,dfasdf@asdfas.com,04240578914,127.0.0.1
asdfa,dfadf@adafds,04240578914,127.0.0.1
aleeae,adfas@af,04240578914,127.0.0.1
aleeae,adfas@af,04240578914,127.0.0.1
aleeae,adfas@af,04240578914,127.0.0.1
aleeae,adfas@af,04240578914,127.0.0.1
aleeae,adfas@af,04240578914,127.0.0.1
aleeae,adfas@af,04240578914,127.0.0.1
aleeae,adfas@af,04240578914,127.0.0.1
aleeae,adfas@af,04240578914,127.0.0.1
aleeae,adfas@af,04240578914,127.0.0.1
aleeae,adfas@af,04240578914,127.0.0.1
aleeae,adfas@af,04240578914,127.0.0.1
aleeae,adfas@af,04240578914,127.0.0.1
aleeae,adfas@af,04240578914,127.0.0.1
aleeae,adfas@af,04240578914,127.0.0.1
aleeae,adfas@af,04240578914,127.0.0.1
aleeae,adfas@af,04240578914,127.0.0.1
aleeae,adfas@af,04240578914,127.0.0.1
aleeae,adfas@af,04240578914,127.0.0.1
asd,asddad@sdfsf,04240578914,127.0.0.1
asdfasjdfhahskjdf,akjsdfjkhasdkjfhajks@ahsjkfh,04240578914,127.0.0.1
asdfasjdfhahskjdf,akjsdfjkhasdkjfhajks@ahsjkfh,04240578914,127.0.0.1
dfsadf,assfs@asdf,04240578914,127.0.0.1
aladas,fdfs@asdfsa,04240578914,127.0.0.1
alexandre,alexandre@prere.com,04240578914,127.0.0.1
alex,asdfasdf@com.br,04240578914,127.0.0.1
asdfadf,asdf@afsad,04240578914,127.0.0.1
dsfasfsa,adfsa@asdfsd,04240578914,127.0.0.1
dsfasfsa,adfsa@asdfsd,04240578914,127.0.0.1
dsfasfsa,adfsa@asdfsd,04240578914,127.0.0.1
dsfasfsa,adfsa@asdfsd,04240578914,127.0.0.1
